# Chiara Cecchetti, Nicola Emmolo
# team_name
# ML-CUP23
# Submission Date (26/01/2024)
1,1.9159042777909319,0.2126675665149548,0.6842360413939876
2,1.1031251536126512,-1.2617257652010399,-0.9019103241194293
3,1.3409046022993631,0.4344052500551533,0.08951811052682161
