{"model": {"hidden_size": 30, "learning_rate": 0.1, "epochs": 600, "batch_size": 800, "momentum": 0.1, "lambda_reg": 1e-05, "w_init_limit": [-0.2, 0.2]}, "mee": 2.492598514185263, "mee_test": 2.715356823073134, "validation_error": 2.6625939789612407}