{"model": {"hidden_size": 47, "learning_rate": 0.09, "epochs": 500, "batch_size": 200, "momentum": 0.1, "lambda_reg": 1e-05, "w_init_limit": [-0.7, 0.7]}, "mee": 1.7317910572549635, "mee_test": 1.8959745654116031, "validation_error": 1.7271097820131172}