{"model": {"hidden_size": 47, "learning_rate": 0.1, "epochs": 600, "batch_size": 200, "momentum": 0.1, "lambda_reg": 1e-05, "w_init_limit": [-0.7, 0.7]}, "mee": 1.6642448465135644, "mee_test": 1.8302329221779425, "validation_error": 1.8442742922131388}