{"model": {"hidden_size": 47, "learning_rate": 0.03, "epochs": 600, "batch_size": 200, "momentum": 0.2, "lambda_reg": 1e-05, "w_init_limit": [-0.7, 0.7]}, "mee": 1.6613876434182908, "mee_test": 1.9095528703995894, "validation_error": 1.8142144822140829}