{"model": {"hidden_size": 47, "learning_rate": 0.06, "epochs": 500, "batch_size": 200, "momentum": 0.2, "lambda_reg": 1e-05, "w_init_limit": [-0.7, 0.7]}, "mee": 2.2528687423789218, "mee_test": 2.6682752867676807, "validation_error": 2.7287187938667423}